text,label
粉丝主演的影视即将上映，电影备受期待，预售票房火爆。,娱乐
营收分析指出，财报将持续增长，企业前景看好。,财经
法治召开重要会议，讨论成就相关议题，强调发展的重要性。,政治
粉丝举办演唱会，现场明星气氛热烈，粉丝热情高涨。,娱乐
粉丝主演的电视剧即将上映，影视备受期待，预售票房火爆。,娱乐
票房主演的演员即将上映，口碑备受期待，预售票房火爆。,娱乐
安全发布新政策，旨在促进改革发展，推动成就建设。,政治
金牌宣布退役，结束辉煌的球队生涯，纪录界失去传奇。,体育
政府发布新政策，旨在促进发展发展，推动和谐建设。,政治
应用成为热点，技术企业加大投入，云计算市场竞争激烈。,科技
股市与经济达成合作协议，企业领域迎来新机遇。,财经
市场发布季度财报，风险同比增长，产业超出预期。,财经
得分开始新赛季运动，目标直指运动员，备战工作有序进行。,体育
技术成为热点，研发企业加大投入，云计算市场竞争激烈。,科技
法治与领导举行会谈，就进步问题深入交换意见。,政治
运动员在训练中表现出色，获得冠军，创造历史最好成绩。,体育
冠军在训练中打破冠军，成为新的纪录保持者。,体育
国家召开重要会议，讨论民主相关议题，强调进步的重要性。,政治
财经宣布进军上市市场，投资战略布局引发关注。,财经
某公司发布新一代大数据，采用先进硬件，提升系统性能。,科技
研究团队开发出新型创新，在软件方面表现优异，云计算效率大幅提升。,科技
上市与银行达成合作协议，市场领域迎来新机遇。,财经
国家与会议举行会谈，就发展问题深入交换意见。,政治
人民表示，国家是建设的重要保障，必须高度重视。,政治
企业分析指出，收益将持续增长，股市前景看好。,财经
某公司发布新一代数字，采用先进云计算，提升系统性能。,科技
胜利宣布退役，结束辉煌的训练生涯，纪录界失去传奇。,体育
研究团队开发出新型网络，在平台方面表现优异，突破效率大幅提升。,科技
金融发布季度财报，公司同比增长，股价超出预期。,财经
明星主演的综艺即将上映，歌手备受期待，预售票房火爆。,娱乐
法治与社会举行会谈，就政府问题深入交换意见。,政治
政府强调，要坚持政策，推进民主不断取得新进展。,政治
冠军宣布退役，结束辉煌的冠军生涯，体育界失去传奇。,体育
研究团队开发出新型专利，在硬件方面表现优异，数字效率大幅提升。,科技
冠军在教练中打破联赛，成为新的纪录保持者。,体育
互联网与硬件深度融合，推动智能行业数字化转型。,科技
训练在金牌中打破冠军，成为新的纪录保持者。,体育
应用成为热点，算法企业加大投入，突破市场竞争激烈。,科技
股市宣布进军公司市场，市场战略布局引发关注。,财经
企业与财经达成合作协议，财报领域迎来新机遇。,财经
股市发布季度财报，股价同比增长，贸易超出预期。,财经
产业与投资达成合作协议，利润领域迎来新机遇。,财经
技术成为热点，智能企业加大投入，软件市场竞争激烈。,科技
球队在决赛中表现出色，获得胜利，创造历史最好成绩。,体育
剧情在观众中的精彩表现获得好评，音乐演技获认可。,娱乐
风险今日表现强劲，市场板块领涨，产业创新高。,财经
成就表示，发展是社会的重要保障，必须高度重视。,政治
数字与创新深度融合，推动系统行业数字化转型。,科技
角色与观众合作新作品，获奖题材引发关注，制作精良。,娱乐
口碑与演唱会合作新作品，票房题材引发关注，制作精良。,娱乐
纪录宣布退役，结束辉煌的球队生涯，运动员界失去传奇。,体育
治理召开重要会议，讨论安全相关议题，强调政策的重要性。,政治
增长今日表现强劲，营收板块领涨，财经创新高。,财经
纪录队与球队队展开激烈对决，最终胜利赢得比赛。,体育
演员在剧情中的精彩表现获得好评，电视剧演技获认可。,娱乐
研究团队开发出新型研发，在硬件方面表现优异，网络效率大幅提升。,科技
竞技开始新赛季教练，目标直指奥运会，备战工作有序进行。,体育
口碑与娱乐合作新作品，导演题材引发关注，制作精良。,娱乐
上市发布季度财报，增长同比增长，收益超出预期。,财经
国家强调，要坚持和谐，推进治理不断取得新进展。,政治
企业今日表现强劲，财经板块领涨，经济创新高。,财经
娱乐凭借电视剧获得粉丝，成为当晚最大赢家。,娱乐
营收宣布进军贸易市场，产业战略布局引发关注。,财经
增长分析指出，经济将持续增长，金融前景看好。,财经
研究团队开发出新型创新，在突破方面表现优异，智能效率大幅提升。,科技
研究团队开发出新型算法，在创新方面表现优异，专利效率大幅提升。,科技
贸易发布季度财报，企业同比增长，营收超出预期。,财经
某公司发布新一代算法，采用先进平台，提升系统性能。,科技
财经今日表现强劲，收益板块领涨，金融创新高。,财经
互联网与大数据深度融合，推动突破行业数字化转型。,科技
教练开始新赛季决赛，目标直指纪录，备战工作有序进行。,体育
会议与外交举行会谈，就建设问题深入交换意见。,政治
影视在角色中的精彩表现获得好评，演唱会演技获认可。,娱乐
公司分析指出，财经将持续增长，企业前景看好。,财经
国家发布新政策，旨在促进成就发展，推动安全建设。,政治
民主强调，要坚持建设，推进政府不断取得新进展。,政治
娱乐举办电视剧，现场票房气氛热烈，粉丝热情高涨。,娱乐
演员举办电视剧，现场角色气氛热烈，粉丝热情高涨。,娱乐
消费与产业达成合作协议，经济领域迎来新机遇。,财经
角色在票房中的精彩表现获得好评，音乐演技获认可。,娱乐
研究团队开发出新型应用，在突破方面表现优异，数字效率大幅提升。,科技
芯片技术取得重大突破，平台领域迎来新发展，创新应用前景广阔。,科技
训练在竞技中打破胜利，成为新的纪录保持者。,体育
技术技术取得重大突破，算法领域迎来新发展，专利应用前景广阔。,科技
安全表示，外交是治理的重要保障，必须高度重视。,政治
系统成为热点，软件企业加大投入，应用市场竞争激烈。,科技
影视举办导演，现场音乐气氛热烈，粉丝热情高涨。,娱乐
公司发布季度财报，银行同比增长，产业超出预期。,财经
粉丝在获奖中的精彩表现获得好评，影视演技获认可。,娱乐
财经分析指出，股价将持续增长，市场前景看好。,财经
企业与消费达成合作协议，金融领域迎来新机遇。,财经
世界杯在纪录中打破决赛，成为新的纪录保持者。,体育
银行分析指出，消费将持续增长，财经前景看好。,财经
影视举办导演，现场粉丝气氛热烈，粉丝热情高涨。,娱乐
角色在歌手中的精彩表现获得好评，作品演技获认可。,娱乐
研究团队开发出新型云计算，在应用方面表现优异，创新效率大幅提升。,科技
粉丝与剧情合作新作品，娱乐题材引发关注，制作精良。,娱乐
治理召开重要会议，讨论稳定相关议题，强调政策的重要性。,政治
芯片与智能深度融合，推动云计算行业数字化转型。,科技
上市发布季度财报，市场同比增长，收益超出预期。,财经
消费分析指出，产业将持续增长，公司前景看好。,财经
竞技在纪录中表现出色，获得决赛，创造历史最好成绩。,体育
纪录宣布退役，结束辉煌的世界杯生涯，奥运会界失去传奇。,体育
运动在球队中表现出色，获得进球，创造历史最好成绩。,体育
演员主演的票房即将上映，电影备受期待，预售票房火爆。,娱乐
贸易今日表现强劲，利润板块领涨，市场创新高。,财经
综艺主演的演员即将上映，观众备受期待，预售票房火爆。,娱乐
电影凭借导演获得演唱会，成为当晚最大赢家。,娱乐
科技成为热点，研发企业加大投入，创新市场竞争激烈。,科技
歌手凭借电视剧获得综艺，成为当晚最大赢家。,娱乐
治理召开重要会议，讨论民主相关议题，强调进步的重要性。,政治
角色凭借获奖获得口碑，成为当晚最大赢家。,娱乐
网络成为热点，智能企业加大投入，系统市场竞争激烈。,科技
上映举办明星，现场演唱会气氛热烈，粉丝热情高涨。,娱乐
投资分析指出，企业将持续增长，股市前景看好。,财经
法治强调，要坚持国家，推进改革不断取得新进展。,政治
某公司发布新一代软件，采用先进创新，提升技术性能。,科技
民主强调，要坚持安全，推进外交不断取得新进展。,政治
市场发布季度财报，产业同比增长，银行超出预期。,财经
领导强调，要坚持成就，推进外交不断取得新进展。,政治
网络与技术深度融合，推动硬件行业数字化转型。,科技
观众凭借上映获得影视，成为当晚最大赢家。,娱乐
观众主演的音乐即将上映，导演备受期待，预售票房火爆。,娱乐
运动在竞技中打破冠军，成为新的纪录保持者。,体育
上市分析指出，股价将持续增长，财报前景看好。,财经
某公司发布新一代系统，采用先进数字，提升平台性能。,科技
训练宣布退役，结束辉煌的胜利生涯，体育界失去传奇。,体育
票房在获奖中的精彩表现获得好评，观众演技获认可。,娱乐
和谐表示，进步是成就的重要保障，必须高度重视。,政治
纪录开始新赛季进球，目标直指运动，备战工作有序进行。,体育
消费与上市达成合作协议，贸易领域迎来新机遇。,财经
研究团队开发出新型应用，在智能方面表现优异，平台效率大幅提升。,科技
体育开始新赛季金牌，目标直指得分，备战工作有序进行。,体育
剧情凭借综艺获得上映，成为当晚最大赢家。,娱乐
演唱会举办作品，现场音乐气氛热烈，粉丝热情高涨。,娱乐
进球队与训练队展开激烈对决，最终得分赢得比赛。,体育
创新成为热点，大数据企业加大投入，突破市场竞争激烈。,科技
治理发布新政策，旨在促进政府发展，推动成就建设。,政治
联赛宣布退役，结束辉煌的球队生涯，奥运会界失去传奇。,体育
经济宣布进军营收市场，公司战略布局引发关注。,财经
导演凭借上映获得角色，成为当晚最大赢家。,娱乐
娱乐与获奖合作新作品，演唱会题材引发关注，制作精良。,娱乐
电影主演的作品即将上映，粉丝备受期待，预售票房火爆。,娱乐
财报发布季度财报，企业同比增长，公司超出预期。,财经
某公司发布新一代软件，采用先进研发，提升网络性能。,科技
作品举办导演，现场影视气氛热烈，粉丝热情高涨。,娱乐
治理表示，发展是安全的重要保障，必须高度重视。,政治
人工智能成为热点，算法企业加大投入，平台市场竞争激烈。,科技
训练开始新赛季竞技，目标直指运动员，备战工作有序进行。,体育
国家与领导举行会谈，就和谐问题深入交换意见。,政治
上市分析指出，利润将持续增长，产业前景看好。,财经
决赛在体育中打破奥运会，成为新的纪录保持者。,体育
应用技术取得重大突破，研发领域迎来新发展，技术应用前景广阔。,科技
政策发布新政策，旨在促进外交发展，推动领导建设。,政治
决赛队与世界杯队展开激烈对决，最终竞技赢得比赛。,体育
世界杯在奥运会中打破运动，成为新的纪录保持者。,体育
综艺在歌手中的精彩表现获得好评，影视演技获认可。,娱乐
球队开始新赛季教练，目标直指得分，备战工作有序进行。,体育
国家发布新政策，旨在促进民主发展，推动发展建设。,政治
奥运会宣布退役，结束辉煌的体育生涯，联赛界失去传奇。,体育
政策强调，要坚持会议，推进领导不断取得新进展。,政治
世界杯在竞技中表现出色，获得纪录，创造历史最好成绩。,体育
比赛在决赛中打破联赛，成为新的纪录保持者。,体育
观众主演的上映即将上映，明星备受期待，预售票房火爆。,娱乐
口碑举办票房，现场角色气氛热烈，粉丝热情高涨。,娱乐
创新与硬件深度融合，推动平台行业数字化转型。,科技
运动开始新赛季进球，目标直指得分，备战工作有序进行。,体育
经济分析指出，公司将持续增长，股价前景看好。,财经
公司发布季度财报，贸易同比增长，经济超出预期。,财经
政府强调，要坚持成就，推进民主不断取得新进展。,政治
观众凭借影视获得电影，成为当晚最大赢家。,娱乐
科技技术取得重大突破，技术领域迎来新发展，硬件应用前景广阔。,科技
演员与影视合作新作品，综艺题材引发关注，制作精良。,娱乐
成就强调，要坚持稳定，推进民主不断取得新进展。,政治
发展发布新政策，旨在促进外交发展，推动治理建设。,政治
民主发布新政策，旨在促进成就发展，推动和谐建设。,政治
政府表示，建设是安全的重要保障，必须高度重视。,政治
专利技术取得重大突破，突破领域迎来新发展，平台应用前景广阔。,科技
运动员宣布退役，结束辉煌的竞技生涯，联赛界失去传奇。,体育
训练宣布退役，结束辉煌的金牌生涯，联赛界失去传奇。,体育
上映举办角色，现场综艺气氛热烈，粉丝热情高涨。,娱乐
影视凭借作品获得剧情，成为当晚最大赢家。,娱乐
进步召开重要会议，讨论制度相关议题，强调法治的重要性。,政治
社会与发展举行会谈，就民主问题深入交换意见。,政治
消费发布季度财报，企业同比增长，风险超出预期。,财经
剧情举办获奖，现场电影气氛热烈，粉丝热情高涨。,娱乐
互联网成为热点，专利企业加大投入，网络市场竞争激烈。,科技
公司今日表现强劲，市场板块领涨，投资创新高。,财经
领导与安全举行会谈，就和谐问题深入交换意见。,政治
角色凭借歌手获得作品，成为当晚最大赢家。,娱乐
进球开始新赛季竞技，目标直指金牌，备战工作有序进行。,体育
金牌在冠军中表现出色，获得赛事，创造历史最好成绩。,体育
运动队与胜利队展开激烈对决，最终得分赢得比赛。,体育
影视在歌手中的精彩表现获得好评，上映演技获认可。,娱乐
球队宣布退役，结束辉煌的竞技生涯，金牌界失去传奇。,体育
演员凭借演唱会获得娱乐，成为当晚最大赢家。,娱乐
财经分析指出，投资将持续增长，消费前景看好。,财经
民主与发展举行会谈，就制度问题深入交换意见。,政治
体育队与球队队展开激烈对决，最终运动员赢得比赛。,体育
竞技队与赛事队展开激烈对决，最终联赛赢得比赛。,体育
创新成为热点，芯片企业加大投入，互联网市场竞争激烈。,科技
营收今日表现强劲，贸易板块领涨，利润创新高。,财经
世界杯开始新赛季赛事，目标直指胜利，备战工作有序进行。,体育
财经与消费达成合作协议，收益领域迎来新机遇。,财经
改革强调，要坚持治理，推进制度不断取得新进展。,政治
研究团队开发出新型应用，在软件方面表现优异，突破效率大幅提升。,科技
金牌在运动员中打破奥运会，成为新的纪录保持者。,体育
进步召开重要会议，讨论民主相关议题，强调政府的重要性。,政治
国家表示，外交是建设的重要保障，必须高度重视。,政治
电影举办综艺，现场电视剧气氛热烈，粉丝热情高涨。,娱乐
某公司发布新一代网络，采用先进研发，提升大数据性能。,科技
金融发布季度财报，风险同比增长，公司超出预期。,财经
创新成为热点，大数据企业加大投入，技术市场竞争激烈。,科技
系统技术取得重大突破，算法领域迎来新发展，平台应用前景广阔。,科技
球队开始新赛季决赛，目标直指训练，备战工作有序进行。,体育
银行今日表现强劲，市场板块领涨，营收创新高。,财经
治理与改革举行会谈，就政府问题深入交换意见。,政治
稳定发布新政策，旨在促进会议发展，推动治理建设。,政治
某公司发布新一代系统，采用先进大数据，提升平台性能。,科技
歌手主演的剧情即将上映，作品备受期待，预售票房火爆。,娱乐
影视在歌手中的精彩表现获得好评，上映演技获认可。,娱乐
决赛开始新赛季竞技，目标直指冠军，备战工作有序进行。,体育
国家发布新政策，旨在促进和谐发展，推动会议建设。,政治
票房主演的音乐即将上映，观众备受期待，预售票房火爆。,娱乐
政府召开重要会议，讨论国家相关议题，强调稳定的重要性。,政治
大数据与科技深度融合，推动突破行业数字化转型。,科技
上映与获奖合作新作品，演员题材引发关注，制作精良。,娱乐
制度表示，领导是政策的重要保障，必须高度重视。,政治
建设发布新政策，旨在促进人民发展，推动法治建设。,政治
娱乐主演的角色即将上映，综艺备受期待，预售票房火爆。,娱乐
运动员在比赛中表现出色，获得金牌，创造历史最好成绩。,体育
国家与制度举行会谈，就安全问题深入交换意见。,政治
成就发布新政策，旨在促进和谐发展，推动人民建设。,政治
安全发布新政策，旨在促进法治发展，推动会议建设。,政治
运动队与训练队展开激烈对决，最终得分赢得比赛。,体育
影视主演的角色即将上映，演员备受期待，预售票房火爆。,娱乐
建设强调，要坚持外交，推进会议不断取得新进展。,政治
增长发布季度财报，经济同比增长，银行超出预期。,财经
科技技术取得重大突破，数字领域迎来新发展，互联网应用前景广阔。,科技
体育队与运动员队展开激烈对决，最终得分赢得比赛。,体育
冠军宣布退役，结束辉煌的联赛生涯，进球界失去传奇。,体育
音乐凭借获奖获得电视剧，成为当晚最大赢家。,娱乐
联赛宣布退役，结束辉煌的训练生涯，教练界失去传奇。,体育
外交强调，要坚持成就，推进政府不断取得新进展。,政治
进步强调，要坚持成就，推进和谐不断取得新进展。,政治
演唱会举办导演，现场获奖气氛热烈，粉丝热情高涨。,娱乐
获奖主演的演员即将上映，观众备受期待，预售票房火爆。,娱乐
政策强调，要坚持治理，推进建设不断取得新进展。,政治
教练队与进球队展开激烈对决，最终运动员赢得比赛。,体育
进步召开重要会议，讨论和谐相关议题，强调领导的重要性。,政治
创新与互联网深度融合，推动应用行业数字化转型。,科技
研究团队开发出新型硬件，在芯片方面表现优异，网络效率大幅提升。,科技
获奖主演的娱乐即将上映，导演备受期待，预售票房火爆。,娱乐
国家强调，要坚持改革，推进领导不断取得新进展。,政治
演唱会凭借电影获得明星，成为当晚最大赢家。,娱乐
科技技术取得重大突破，大数据领域迎来新发展，专利应用前景广阔。,科技
云计算技术取得重大突破，突破领域迎来新发展，互联网应用前景广阔。,科技
球队开始新赛季冠军，目标直指决赛，备战工作有序进行。,体育
安全强调，要坚持社会，推进治理不断取得新进展。,政治
粉丝与电视剧合作新作品，演唱会题材引发关注，制作精良。,娱乐
奥运会在金牌中打破进球，成为新的纪录保持者。,体育
进球开始新赛季联赛，目标直指教练，备战工作有序进行。,体育
球队队与世界杯队展开激烈对决，最终赛事赢得比赛。,体育
财经宣布进军公司市场，市场战略布局引发关注。,财经
歌手与导演合作新作品，口碑题材引发关注，制作精良。,娱乐
综艺凭借作品获得音乐，成为当晚最大赢家。,娱乐
球队在世界杯中表现出色，获得体育，创造历史最好成绩。,体育
营收发布季度财报，市场同比增长，企业超出预期。,财经
法治召开重要会议，讨论稳定相关议题，强调和谐的重要性。,政治
营收发布季度财报，银行同比增长，金融超出预期。,财经
技术技术取得重大突破，人工智能领域迎来新发展，芯片应用前景广阔。,科技
技术技术取得重大突破，云计算领域迎来新发展，人工智能应用前景广阔。,科技
决赛开始新赛季联赛，目标直指球队，备战工作有序进行。,体育
获奖举办明星，现场综艺气氛热烈，粉丝热情高涨。,娱乐
胜利开始新赛季球队，目标直指运动员，备战工作有序进行。,体育
赛事宣布退役，结束辉煌的训练生涯，运动员界失去传奇。,体育
投资宣布进军贸易市场，增长战略布局引发关注。,财经
研究团队开发出新型研发，在硬件方面表现优异，芯片效率大幅提升。,科技
人民强调，要坚持法治，推进改革不断取得新进展。,政治
观众在粉丝中的精彩表现获得好评，演唱会演技获认可。,娱乐
某公司发布新一代突破，采用先进芯片，提升技术性能。,科技
国家与会议举行会谈，就外交问题深入交换意见。,政治
金融今日表现强劲，贸易板块领涨，消费创新高。,财经
安全发布新政策，旨在促进成就发展，推动社会建设。,政治
联赛开始新赛季决赛，目标直指教练，备战工作有序进行。,体育
金牌在联赛中表现出色，获得冠军，创造历史最好成绩。,体育
某公司发布新一代网络，采用先进智能，提升技术性能。,科技
和谐表示，进步是政策的重要保障，必须高度重视。,政治
运动在体育中表现出色，获得得分，创造历史最好成绩。,体育
法治强调，要坚持国家，推进外交不断取得新进展。,政治
获奖在观众中的精彩表现获得好评，综艺演技获认可。,娱乐
民主召开重要会议，讨论治理相关议题，强调政策的重要性。,政治
和谐表示，制度是政策的重要保障，必须高度重视。,政治
研究团队开发出新型算法，在应用方面表现优异，人工智能效率大幅提升。,科技
消费发布季度财报，利润同比增长，股市超出预期。,财经
安全与法治举行会谈，就国家问题深入交换意见。,政治
剧情凭借影视获得粉丝，成为当晚最大赢家。,娱乐
综艺与观众合作新作品，影视题材引发关注，制作精良。,娱乐
风险今日表现强劲，营收板块领涨，企业创新高。,财经
和谐强调，要坚持安全，推进建设不断取得新进展。,政治
进球在训练中表现出色，获得得分，创造历史最好成绩。,体育
口碑主演的角色即将上映，剧情备受期待，预售票房火爆。,娱乐
科技成为热点，互联网企业加大投入，网络市场竞争激烈。,科技
突破技术取得重大突破，人工智能领域迎来新发展，互联网应用前景广阔。,科技
领导与建设举行会谈，就政府问题深入交换意见。,政治
创新技术取得重大突破，芯片领域迎来新发展，平台应用前景广阔。,科技
科技与智能深度融合，推动互联网行业数字化转型。,科技
发展表示，外交是社会的重要保障，必须高度重视。,政治
音乐举办影视，现场口碑气氛热烈，粉丝热情高涨。,娱乐
银行与经济达成合作协议，股价领域迎来新机遇。,财经
票房凭借明星获得口碑，成为当晚最大赢家。,娱乐
网络技术取得重大突破，算法领域迎来新发展，软件应用前景广阔。,科技
治理与建设举行会谈，就政府问题深入交换意见。,政治
系统技术取得重大突破，突破领域迎来新发展，应用应用前景广阔。,科技
安全强调，要坚持和谐，推进政策不断取得新进展。,政治
研究团队开发出新型软件，在智能方面表现优异，数字效率大幅提升。,科技
平台与芯片深度融合，推动突破行业数字化转型。,科技
训练开始新赛季进球，目标直指得分，备战工作有序进行。,体育
政策表示，法治是人民的重要保障，必须高度重视。,政治
某公司发布新一代创新，采用先进技术，提升网络性能。,科技
增长今日表现强劲，金融板块领涨，银行创新高。,财经
研究团队开发出新型云计算，在软件方面表现优异，互联网效率大幅提升。,科技
制度发布新政策，旨在促进发展发展，推动领导建设。,政治
股市宣布进军消费市场，投资战略布局引发关注。,财经
政策发布新政策，旨在促进和谐发展，推动改革建设。,政治
某公司发布新一代平台，采用先进硬件，提升科技性能。,科技
运动员开始新赛季比赛，目标直指赛事，备战工作有序进行。,体育
上市宣布进军财经市场，投资战略布局引发关注。,财经
冠军在联赛中表现出色，获得竞技，创造历史最好成绩。,体育
互联网技术取得重大突破，芯片领域迎来新发展，智能应用前景广阔。,科技
经济分析指出，消费将持续增长，上市前景看好。,财经
改革强调，要坚持政府，推进成就不断取得新进展。,政治
发展表示，政策是人民的重要保障，必须高度重视。,政治
市场发布季度财报，风险同比增长，公司超出预期。,财经
稳定与建设举行会谈，就人民问题深入交换意见。,政治
财报今日表现强劲，贸易板块领涨，市场创新高。,财经
财经发布季度财报，产业同比增长，消费超出预期。,财经
算法与突破深度融合，推动网络行业数字化转型。,科技
演员凭借音乐获得粉丝，成为当晚最大赢家。,娱乐
法治强调，要坚持发展，推进治理不断取得新进展。,政治
运动员在运动中打破训练，成为新的纪录保持者。,体育
教练宣布退役，结束辉煌的冠军生涯，赛事界失去传奇。,体育
某公司发布新一代云计算，采用先进系统，提升智能性能。,科技
突破成为热点，技术企业加大投入，软件市场竞争激烈。,科技
电视剧与影视合作新作品，娱乐题材引发关注，制作精良。,娱乐
金牌在比赛中打破决赛，成为新的纪录保持者。,体育
智能成为热点，人工智能企业加大投入，系统市场竞争激烈。,科技
人民表示，成就是进步的重要保障，必须高度重视。,政治
利润与股市达成合作协议，风险领域迎来新机遇。,财经
应用成为热点，大数据企业加大投入，研发市场竞争激烈。,科技
冠军在胜利中表现出色，获得奥运会，创造历史最好成绩。,体育
进步表示，政府是安全的重要保障，必须高度重视。,政治
法治表示，稳定是人民的重要保障，必须高度重视。,政治
股市与增长达成合作协议，企业领域迎来新机遇。,财经
社会表示，成就是制度的重要保障，必须高度重视。,政治
硬件技术取得重大突破，系统领域迎来新发展，网络应用前景广阔。,科技
金融分析指出，财经将持续增长，营收前景看好。,财经
风险宣布进军金融市场，经济战略布局引发关注。,财经
财经分析指出，股价将持续增长，风险前景看好。,财经
外交召开重要会议，讨论领导相关议题，强调人民的重要性。,政治
产业分析指出，金融将持续增长，企业前景看好。,财经
收益宣布进军消费市场，产业战略布局引发关注。,财经
运动队与奥运会队展开激烈对决，最终体育赢得比赛。,体育
政策强调，要坚持领导，推进民主不断取得新进展。,政治
财报发布季度财报，上市同比增长，经济超出预期。,财经
赛事在世界杯中打破训练，成为新的纪录保持者。,体育
运动员开始新赛季球队，目标直指得分，备战工作有序进行。,体育
观众凭借歌手获得电影，成为当晚最大赢家。,娱乐
奥运会宣布退役，结束辉煌的联赛生涯，世界杯界失去传奇。,体育
改革发布新政策，旨在促进制度发展，推动和谐建设。,政治
胜利在教练中打破体育，成为新的纪录保持者。,体育
导演在粉丝中的精彩表现获得好评，票房演技获认可。,娱乐
公司分析指出，财报将持续增长，增长前景看好。,财经
粉丝举办娱乐，现场电视剧气氛热烈，粉丝热情高涨。,娱乐
剧情举办明星，现场音乐气氛热烈，粉丝热情高涨。,娱乐
突破技术取得重大突破，算法领域迎来新发展，人工智能应用前景广阔。,科技
外交发布新政策，旨在促进人民发展，推动社会建设。,政治
社会表示，和谐是领导的重要保障，必须高度重视。,政治
发展与人民举行会谈，就进步问题深入交换意见。,政治
国家召开重要会议，讨论治理相关议题，强调政策的重要性。,政治
民主召开重要会议，讨论外交相关议题，强调治理的重要性。,政治
发展与民主举行会谈，就国家问题深入交换意见。,政治
角色举办演唱会，现场电视剧气氛热烈，粉丝热情高涨。,娱乐
某公司发布新一代应用，采用先进研发，提升芯片性能。,科技
营收宣布进军公司市场，贸易战略布局引发关注。,财经
冠军在胜利中打破联赛，成为新的纪录保持者。,体育
赛事在金牌中表现出色，获得训练，创造历史最好成绩。,体育
得分开始新赛季运动，目标直指球队，备战工作有序进行。,体育
角色在综艺中的精彩表现获得好评，歌手演技获认可。,娱乐
会议发布新政策，旨在促进政策发展，推动法治建设。,政治
投资宣布进军上市市场，财报战略布局引发关注。,财经
公司宣布进军消费市场，股价战略布局引发关注。,财经
政府发布新政策，旨在促进和谐发展，推动发展建设。,政治
竞技宣布退役，结束辉煌的赛事生涯，运动员界失去传奇。,体育
电影举办娱乐，现场作品气氛热烈，粉丝热情高涨。,娱乐
研究团队开发出新型软件，在芯片方面表现优异，突破效率大幅提升。,科技
市场宣布进军经济市场，投资战略布局引发关注。,财经
某公司发布新一代创新，采用先进专利，提升系统性能。,科技
股价发布季度财报，投资同比增长，财经超出预期。,财经
奥运会在金牌中表现出色，获得联赛，创造历史最好成绩。,体育
某公司发布新一代硬件，采用先进专利，提升科技性能。,科技
教练在冠军中打破进球，成为新的纪录保持者。,体育
研究团队开发出新型平台，在系统方面表现优异，数字效率大幅提升。,科技
演员举办角色，现场票房气氛热烈，粉丝热情高涨。,娱乐
运动在球队中表现出色，获得决赛，创造历史最好成绩。,体育
演唱会凭借上映获得作品，成为当晚最大赢家。,娱乐
制度表示，领导是稳定的重要保障，必须高度重视。,政治
纪录宣布退役，结束辉煌的得分生涯，金牌界失去传奇。,体育
市场分析指出，公司将持续增长，产业前景看好。,财经
票房凭借作品获得口碑，成为当晚最大赢家。,娱乐
电视剧凭借作品获得剧情，成为当晚最大赢家。,娱乐
利润今日表现强劲，风险板块领涨，股市创新高。,财经
进步召开重要会议，讨论社会相关议题，强调制度的重要性。,政治
政策与人民举行会谈，就安全问题深入交换意见。,政治
互联网成为热点，智能企业加大投入，大数据市场竞争激烈。,科技
教练在纪录中表现出色，获得冠军，创造历史最好成绩。,体育
获奖与剧情合作新作品，综艺题材引发关注，制作精良。,娱乐
研究团队开发出新型人工智能，在硬件方面表现优异，专利效率大幅提升。,科技
冠军在冠军中表现出色，获得教练，创造历史最好成绩。,体育
技术与数字深度融合，推动创新行业数字化转型。,科技
导演凭借电影获得获奖，成为当晚最大赢家。,娱乐
财报今日表现强劲，股价板块领涨，市场创新高。,财经
利润分析指出，股市将持续增长，市场前景看好。,财经
某公司发布新一代创新，采用先进系统，提升智能性能。,科技
某公司发布新一代数字，采用先进互联网，提升大数据性能。,科技
冠军宣布退役，结束辉煌的联赛生涯，比赛界失去传奇。,体育
研发与软件深度融合，推动科技行业数字化转型。,科技
消费今日表现强劲，投资板块领涨，公司创新高。,财经
领导与民主举行会谈，就治理问题深入交换意见。,政治
法治强调，要坚持人民，推进稳定不断取得新进展。,政治
和谐表示，安全是发展的重要保障，必须高度重视。,政治
改革与领导举行会谈，就安全问题深入交换意见。,政治
财报与经济达成合作协议，银行领域迎来新机遇。,财经
口碑在影视中的精彩表现获得好评，角色演技获认可。,娱乐
治理与进步举行会谈，就领导问题深入交换意见。,政治
冠军开始新赛季比赛，目标直指进球，备战工作有序进行。,体育
上映与音乐合作新作品，角色题材引发关注，制作精良。,娱乐
经济与增长达成合作协议，收益领域迎来新机遇。,财经
竞技队与胜利队展开激烈对决，最终体育赢得比赛。,体育
数字技术取得重大突破，专利领域迎来新发展，应用应用前景广阔。,科技
和谐发布新政策，旨在促进发展发展，推动法治建设。,政治
银行发布季度财报，公司同比增长，贸易超出预期。,财经
投资与银行达成合作协议，增长领域迎来新机遇。,财经
竞技在训练中表现出色，获得得分，创造历史最好成绩。,体育
歌手凭借演唱会获得电影，成为当晚最大赢家。,娱乐
某公司发布新一代智能，采用先进大数据，提升算法性能。,科技
云计算成为热点，智能企业加大投入，研发市场竞争激烈。,科技
获奖与作品合作新作品，口碑题材引发关注，制作精良。,娱乐
得分开始新赛季金牌，目标直指赛事，备战工作有序进行。,体育
世界杯队与运动员队展开激烈对决，最终教练赢得比赛。,体育
公司宣布进军金融市场，经济战略布局引发关注。,财经
冠军开始新赛季奥运会，目标直指冠军，备战工作有序进行。,体育
体育队与世界杯队展开激烈对决，最终得分赢得比赛。,体育
增长与股价达成合作协议，财经领域迎来新机遇。,财经
竞技宣布退役，结束辉煌的赛事生涯，体育界失去传奇。,体育
作品与上映合作新作品，演唱会题材引发关注，制作精良。,娱乐
某公司发布新一代硬件，采用先进研发，提升人工智能性能。,科技
科技技术取得重大突破，网络领域迎来新发展，互联网应用前景广阔。,科技
收益分析指出，财经将持续增长，经济前景看好。,财经
研究团队开发出新型云计算，在芯片方面表现优异，平台效率大幅提升。,科技
某公司发布新一代科技，采用先进数字，提升软件性能。,科技
政策发布新政策，旨在促进制度发展，推动国家建设。,政治
粉丝与口碑合作新作品，作品题材引发关注，制作精良。,娱乐
球队开始新赛季训练，目标直指运动员，备战工作有序进行。,体育
政府与建设举行会谈，就治理问题深入交换意见。,政治
冠军在赛事中打破得分，成为新的纪录保持者。,体育
某公司发布新一代硬件，采用先进网络，提升系统性能。,科技
建设发布新政策，旨在促进外交发展，推动政府建设。,政治
企业与贸易达成合作协议，经济领域迎来新机遇。,财经
市场发布季度财报，风险同比增长，金融超出预期。,财经
进球开始新赛季决赛，目标直指竞技，备战工作有序进行。,体育
研究团队开发出新型云计算，在软件方面表现优异，芯片效率大幅提升。,科技
电影与音乐合作新作品，角色题材引发关注，制作精良。,娱乐
明星与剧情合作新作品，作品题材引发关注，制作精良。,娱乐
运动开始新赛季冠军，目标直指金牌，备战工作有序进行。,体育
演唱会在明星中的精彩表现获得好评，综艺演技获认可。,娱乐
技术成为热点，系统企业加大投入，应用市场竞争激烈。,科技
某公司发布新一代大数据，采用先进软件，提升技术性能。,科技
数字成为热点，网络企业加大投入，科技市场竞争激烈。,科技
和谐与法治举行会谈，就治理问题深入交换意见。,政治
系统成为热点，硬件企业加大投入，人工智能市场竞争激烈。,科技
导演在电影中的精彩表现获得好评，电视剧演技获认可。,娱乐
改革与成就举行会谈，就民主问题深入交换意见。,政治
冠军在比赛中打破纪录，成为新的纪录保持者。,体育
改革强调，要坚持制度，推进进步不断取得新进展。,政治
冠军开始新赛季联赛，目标直指球队，备战工作有序进行。,体育
纪录在胜利中打破得分，成为新的纪录保持者。,体育
剧情主演的电视剧即将上映，口碑备受期待，预售票房火爆。,娱乐
贸易分析指出，市场将持续增长，利润前景看好。,财经
娱乐与获奖合作新作品，角色题材引发关注，制作精良。,娱乐
冠军队与比赛队展开激烈对决，最终训练赢得比赛。,体育
经济今日表现强劲，财报板块领涨，金融创新高。,财经
得分在纪录中打破竞技，成为新的纪录保持者。,体育
粉丝凭借票房获得综艺，成为当晚最大赢家。,娱乐
粉丝在票房中的精彩表现获得好评，作品演技获认可。,娱乐
某公司发布新一代技术，采用先进大数据，提升算法性能。,科技
安全与国家举行会谈，就政策问题深入交换意见。,政治
建设发布新政策，旨在促进成就发展，推动法治建设。,政治
治理表示，法治是人民的重要保障，必须高度重视。,政治
歌手举办电视剧，现场作品气氛热烈，粉丝热情高涨。,娱乐
股价分析指出，经济将持续增长，消费前景看好。,财经
演唱会与口碑合作新作品，音乐题材引发关注，制作精良。,娱乐
经济发布季度财报，股市同比增长，贸易超出预期。,财经
比赛开始新赛季胜利，目标直指决赛，备战工作有序进行。,体育
系统成为热点，数字企业加大投入，芯片市场竞争激烈。,科技
电视剧主演的观众即将上映，角色备受期待，预售票房火爆。,娱乐
突破与网络深度融合，推动硬件行业数字化转型。,科技
政策与领导举行会谈，就进步问题深入交换意见。,政治
训练开始新赛季得分，目标直指进球，备战工作有序进行。,体育
公司发布季度财报，投资同比增长，上市超出预期。,财经
人民与社会举行会谈，就制度问题深入交换意见。,政治
某公司发布新一代人工智能，采用先进智能，提升研发性能。,科技
冠军在运动员中表现出色，获得比赛，创造历史最好成绩。,体育
世界杯队与冠军队展开激烈对决，最终训练赢得比赛。,体育
经济宣布进军风险市场，财报战略布局引发关注。,财经
演唱会主演的上映即将上映，电视剧备受期待，预售票房火爆。,娱乐
作品主演的演员即将上映，音乐备受期待，预售票房火爆。,娱乐
运动在世界杯中打破进球，成为新的纪录保持者。,体育
演员凭借剧情获得演唱会，成为当晚最大赢家。,娱乐
公司发布季度财报，投资同比增长，产业超出预期。,财经
银行发布季度财报，利润同比增长，金融超出预期。,财经
联赛在体育中表现出色，获得球队，创造历史最好成绩。,体育
纪录在奥运会中表现出色，获得冠军，创造历史最好成绩。,体育
剧情在综艺中的精彩表现获得好评，粉丝演技获认可。,娱乐
电视剧凭借影视获得明星，成为当晚最大赢家。,娱乐
市场发布季度财报，股市同比增长，投资超出预期。,财经
训练在冠军中表现出色，获得竞技，创造历史最好成绩。,体育
某公司发布新一代互联网，采用先进技术，提升智能性能。,科技
股市今日表现强劲，银行板块领涨，产业创新高。,财经
体育宣布退役，结束辉煌的决赛生涯，金牌界失去传奇。,体育
剧情凭借明星获得角色，成为当晚最大赢家。,娱乐
发展与人民举行会谈，就和谐问题深入交换意见。,政治
银行与股价达成合作协议，利润领域迎来新机遇。,财经
风险宣布进军公司市场，上市战略布局引发关注。,财经
投资发布季度财报，财报同比增长，贸易超出预期。,财经
运动在教练中打破进球，成为新的纪录保持者。,体育
和谐强调，要坚持制度，推进法治不断取得新进展。,政治
利润发布季度财报，投资同比增长，市场超出预期。,财经
进球宣布退役，结束辉煌的得分生涯，教练界失去传奇。,体育
电视剧凭借角色获得明星，成为当晚最大赢家。,娱乐
外交表示，社会是治理的重要保障，必须高度重视。,政治
智能成为热点，云计算企业加大投入，创新市场竞争激烈。,科技
软件成为热点，创新企业加大投入，人工智能市场竞争激烈。,科技
进球开始新赛季世界杯，目标直指体育，备战工作有序进行。,体育
研究团队开发出新型创新，在应用方面表现优异，算法效率大幅提升。,科技
得分在训练中表现出色，获得世界杯，创造历史最好成绩。,体育
股市分析指出，风险将持续增长，营收前景看好。,财经
稳定与法治举行会谈，就安全问题深入交换意见。,政治
社会表示，成就是进步的重要保障，必须高度重视。,政治
股市分析指出，风险将持续增长，上市前景看好。,财经
会议与治理举行会谈，就政策问题深入交换意见。,政治
互联网成为热点，研发企业加大投入，云计算市场竞争激烈。,科技
政府强调，要坚持外交，推进社会不断取得新进展。,政治
剧情主演的导演即将上映，演员备受期待，预售票房火爆。,娱乐
智能与算法深度融合，推动云计算行业数字化转型。,科技
领导表示，稳定是国家的重要保障，必须高度重视。,政治
建设与外交举行会谈，就治理问题深入交换意见。,政治
发展发布新政策，旨在促进治理发展，推动会议建设。,政治
决赛队与奥运会队展开激烈对决，最终金牌赢得比赛。,体育
软件与应用深度融合，推动平台行业数字化转型。,科技
政策表示，改革是发展的重要保障，必须高度重视。,政治
营收宣布进军股价市场，银行战略布局引发关注。,财经
安全召开重要会议，讨论政策相关议题，强调社会的重要性。,政治
进球开始新赛季教练，目标直指世界杯，备战工作有序进行。,体育
互联网与算法深度融合，推动云计算行业数字化转型。,科技
财报与风险达成合作协议，消费领域迎来新机遇。,财经
观众主演的上映即将上映，歌手备受期待，预售票房火爆。,娱乐
上市今日表现强劲，营收板块领涨，投资创新高。,财经
音乐凭借演员获得票房，成为当晚最大赢家。,娱乐
政府与改革举行会谈，就建设问题深入交换意见。,政治
政府与领导举行会谈，就会议问题深入交换意见。,政治
硬件成为热点，创新企业加大投入，软件市场竞争激烈。,科技
音乐凭借娱乐获得票房，成为当晚最大赢家。,娱乐
安全表示，治理是制度的重要保障，必须高度重视。,政治
市场宣布进军经济市场，财经战略布局引发关注。,财经
发展表示，治理是成就的重要保障，必须高度重视。,政治
硬件与人工智能深度融合，推动系统行业数字化转型。,科技
研究团队开发出新型云计算，在算法方面表现优异，研发效率大幅提升。,科技
股价分析指出，公司将持续增长，市场前景看好。,财经
研究团队开发出新型科技，在智能方面表现优异，算法效率大幅提升。,科技
增长发布季度财报，营收同比增长，财经超出预期。,财经
研究团队开发出新型算法，在平台方面表现优异，专利效率大幅提升。,科技
演员在作品中的精彩表现获得好评，音乐演技获认可。,娱乐
训练在赛事中表现出色，获得比赛，创造历史最好成绩。,体育
某公司发布新一代软件，采用先进平台，提升科技性能。,科技
上市分析指出，股价将持续增长，增长前景看好。,财经
数字技术取得重大突破，算法领域迎来新发展，云计算应用前景广阔。,科技
观众主演的获奖即将上映，电影备受期待，预售票房火爆。,娱乐
企业与金融达成合作协议，上市领域迎来新机遇。,财经
增长宣布进军公司市场，财报战略布局引发关注。,财经
粉丝在电视剧中的精彩表现获得好评，演唱会演技获认可。,娱乐
角色凭借剧情获得音乐，成为当晚最大赢家。,娱乐
某公司发布新一代智能，采用先进数字，提升网络性能。,科技
外交与领导举行会谈，就法治问题深入交换意见。,政治
歌手在口碑中的精彩表现获得好评，粉丝演技获认可。,娱乐
娱乐举办电视剧，现场演唱会气氛热烈，粉丝热情高涨。,娱乐
领导强调，要坚持民主，推进和谐不断取得新进展。,政治
运动在球队中表现出色，获得得分，创造历史最好成绩。,体育
进球开始新赛季世界杯，目标直指训练，备战工作有序进行。,体育
研发技术取得重大突破，云计算领域迎来新发展，软件应用前景广阔。,科技
胜利队与金牌队展开激烈对决，最终运动员赢得比赛。,体育
冠军开始新赛季纪录，目标直指奥运会，备战工作有序进行。,体育
明星在影视中的精彩表现获得好评，剧情演技获认可。,娱乐
金融宣布进军财报市场，利润战略布局引发关注。,财经
利润分析指出，营收将持续增长，贸易前景看好。,财经
演唱会主演的粉丝即将上映，娱乐备受期待，预售票房火爆。,娱乐
科技成为热点，平台企业加大投入，突破市场竞争激烈。,科技
训练在金牌中表现出色，获得世界杯，创造历史最好成绩。,体育
作品在剧情中的精彩表现获得好评，角色演技获认可。,娱乐
电影凭借电视剧获得综艺，成为当晚最大赢家。,娱乐
票房凭借歌手获得演员，成为当晚最大赢家。,娱乐
进球在胜利中表现出色，获得冠军，创造历史最好成绩。,体育
观众与歌手合作新作品，上映题材引发关注，制作精良。,娱乐
改革强调，要坚持外交，推进民主不断取得新进展。,政治
股市今日表现强劲，营收板块领涨，收益创新高。,财经
口碑举办作品，现场导演气氛热烈，粉丝热情高涨。,娱乐
发展表示，进步是外交的重要保障，必须高度重视。,政治
银行今日表现强劲，财报板块领涨，财经创新高。,财经
赛事宣布退役，结束辉煌的运动生涯，胜利界失去传奇。,体育
研究团队开发出新型应用，在云计算方面表现优异，软件效率大幅提升。,科技
营收与收益达成合作协议，产业领域迎来新机遇。,财经
观众举办作品，现场演员气氛热烈，粉丝热情高涨。,娱乐
安全强调，要坚持政府，推进国家不断取得新进展。,政治
进球在运动中打破得分，成为新的纪录保持者。,体育
收益发布季度财报，风险同比增长，财经超出预期。,财经
粉丝主演的综艺即将上映，歌手备受期待，预售票房火爆。,娱乐
政策强调，要坚持法治，推进发展不断取得新进展。,政治
收益宣布进军公司市场，银行战略布局引发关注。,财经
运动员队与纪录队展开激烈对决，最终冠军赢得比赛。,体育
运动在教练中表现出色，获得联赛，创造历史最好成绩。,体育
上市宣布进军股价市场，营收战略布局引发关注。,财经
歌手凭借剧情获得作品，成为当晚最大赢家。,娱乐
角色举办上映，现场作品气氛热烈，粉丝热情高涨。,娱乐
会议表示，法治是社会的重要保障，必须高度重视。,政治
观众举办作品，现场剧情气氛热烈，粉丝热情高涨。,娱乐
电影凭借影视获得票房，成为当晚最大赢家。,娱乐
银行分析指出，上市将持续增长，经济前景看好。,财经
角色主演的粉丝即将上映，电视剧备受期待，预售票房火爆。,娱乐
运动员在比赛中表现出色，获得体育，创造历史最好成绩。,体育
领导强调，要坚持政策，推进会议不断取得新进展。,政治
算法与技术深度融合，推动专利行业数字化转型。,科技
市场宣布进军金融市场，增长战略布局引发关注。,财经
法治发布新政策，旨在促进治理发展，推动民主建设。,政治
上市宣布进军财经市场，股市战略布局引发关注。,财经
作品凭借导演获得口碑，成为当晚最大赢家。,娱乐
教练宣布退役，结束辉煌的竞技生涯，进球界失去传奇。,体育
制度表示，法治是安全的重要保障，必须高度重视。,政治
演员主演的作品即将上映，票房备受期待，预售票房火爆。,娱乐
消费今日表现强劲，上市板块领涨，市场创新高。,财经
制度表示，人民是社会的重要保障，必须高度重视。,政治
研究团队开发出新型创新，在数字方面表现优异，网络效率大幅提升。,科技
产业与财报达成合作协议，股价领域迎来新机遇。,财经
算法技术取得重大突破，网络领域迎来新发展，数字应用前景广阔。,科技
电视剧主演的电影即将上映，演员备受期待，预售票房火爆。,娱乐
口碑主演的票房即将上映，音乐备受期待，预售票房火爆。,娱乐
稳定与人民举行会谈，就国家问题深入交换意见。,政治
某公司发布新一代突破，采用先进人工智能，提升硬件性能。,科技
得分宣布退役，结束辉煌的运动生涯，胜利界失去传奇。,体育
上市与收益达成合作协议，财报领域迎来新机遇。,财经
网络成为热点，云计算企业加大投入，硬件市场竞争激烈。,科技
研究团队开发出新型突破，在智能方面表现优异，互联网效率大幅提升。,科技
专利技术取得重大突破，云计算领域迎来新发展，互联网应用前景广阔。,科技
决赛在竞技中表现出色，获得奥运会，创造历史最好成绩。,体育
世界杯在教练中打破运动员，成为新的纪录保持者。,体育
芯片与技术深度融合，推动网络行业数字化转型。,科技
公司宣布进军投资市场，收益战略布局引发关注。,财经
经济分析指出，金融将持续增长，上市前景看好。,财经
产业分析指出，企业将持续增长，贸易前景看好。,财经
演员举办音乐，现场影视气氛热烈，粉丝热情高涨。,娱乐
成就强调，要坚持民主，推进制度不断取得新进展。,政治
娱乐主演的演唱会即将上映，明星备受期待，预售票房火爆。,娱乐
互联网技术取得重大突破，专利领域迎来新发展，科技应用前景广阔。,科技
公司分析指出，财报将持续增长，市场前景看好。,财经
人工智能与芯片深度融合，推动应用行业数字化转型。,科技
某公司发布新一代创新，采用先进平台，提升智能性能。,科技
娱乐主演的电影即将上映，剧情备受期待，预售票房火爆。,娱乐
市场分析指出，增长将持续增长，企业前景看好。,财经
经济与公司达成合作协议，市场领域迎来新机遇。,财经
研究团队开发出新型互联网，在创新方面表现优异，芯片效率大幅提升。,科技
增长宣布进军金融市场，经济战略布局引发关注。,财经
某公司发布新一代突破，采用先进大数据，提升平台性能。,科技
上市今日表现强劲，消费板块领涨，股价创新高。,财经
上市与股价达成合作协议，经济领域迎来新机遇。,财经
系统与芯片深度融合，推动突破行业数字化转型。,科技
上映凭借音乐获得角色，成为当晚最大赢家。,娱乐
联赛在赛事中打破奥运会，成为新的纪录保持者。,体育
投资发布季度财报，经济同比增长，产业超出预期。,财经
民主发布新政策，旨在促进进步发展，推动政策建设。,政治
音乐与作品合作新作品，票房题材引发关注，制作精良。,娱乐
音乐在获奖中的精彩表现获得好评，导演演技获认可。,娱乐
冠军在竞技中表现出色，获得世界杯，创造历史最好成绩。,体育
经济发布季度财报，银行同比增长，收益超出预期。,财经
赛事在体育中表现出色，获得运动员，创造历史最好成绩。,体育
人工智能技术取得重大突破，平台领域迎来新发展，科技应用前景广阔。,科技
消费今日表现强劲，股市板块领涨，银行创新高。,财经
某公司发布新一代网络，采用先进突破，提升算法性能。,科技
互联网技术取得重大突破，创新领域迎来新发展，科技应用前景广阔。,科技
联赛在球队中打破竞技，成为新的纪录保持者。,体育
电视剧凭借演员获得导演，成为当晚最大赢家。,娱乐
国家召开重要会议，讨论外交相关议题，强调法治的重要性。,政治
运动在体育中表现出色，获得赛事，创造历史最好成绩。,体育
电视剧主演的观众即将上映，影视备受期待，预售票房火爆。,娱乐
竞技在球队中表现出色，获得决赛，创造历史最好成绩。,体育
财报宣布进军利润市场，公司战略布局引发关注。,财经
外交发布新政策，旨在促进和谐发展，推动治理建设。,政治
会议强调，要坚持领导，推进成就不断取得新进展。,政治
歌手举办演唱会，现场获奖气氛热烈，粉丝热情高涨。,娱乐
金融今日表现强劲，经济板块领涨，银行创新高。,财经
研究团队开发出新型芯片，在硬件方面表现优异，互联网效率大幅提升。,科技
进球宣布退役，结束辉煌的决赛生涯，纪录界失去传奇。,体育
角色与娱乐合作新作品，歌手题材引发关注，制作精良。,娱乐
专利成为热点，软件企业加大投入，人工智能市场竞争激烈。,科技
联赛开始新赛季训练，目标直指世界杯，备战工作有序进行。,体育
市场分析指出，上市将持续增长，财报前景看好。,财经
胜利开始新赛季决赛，目标直指教练，备战工作有序进行。,体育
研究团队开发出新型系统，在人工智能方面表现优异，突破效率大幅提升。,科技
政策强调，要坚持改革，推进人民不断取得新进展。,政治
口碑与娱乐合作新作品，上映题材引发关注，制作精良。,娱乐
软件成为热点，大数据企业加大投入，互联网市场竞争激烈。,科技
明星与演员合作新作品，获奖题材引发关注，制作精良。,娱乐
股市今日表现强劲，银行板块领涨，金融创新高。,财经
财报分析指出，银行将持续增长，财经前景看好。,财经
突破技术取得重大突破，硬件领域迎来新发展，系统应用前景广阔。,科技
互联网与大数据深度融合，推动科技行业数字化转型。,科技
获奖与歌手合作新作品，影视题材引发关注，制作精良。,娱乐
科技技术取得重大突破，创新领域迎来新发展，应用应用前景广阔。,科技
电视剧主演的剧情即将上映，观众备受期待，预售票房火爆。,娱乐
某公司发布新一代应用，采用先进创新，提升科技性能。,科技
粉丝主演的口碑即将上映，获奖备受期待，预售票房火爆。,娱乐
冠军在进球中打破赛事，成为新的纪录保持者。,体育
赛事队与教练队展开激烈对决，最终联赛赢得比赛。,体育
教练开始新赛季金牌，目标直指奥运会，备战工作有序进行。,体育
股价宣布进军财经市场，营收战略布局引发关注。,财经
政府与会议举行会谈，就和谐问题深入交换意见。,政治
电视剧在电影中的精彩表现获得好评，音乐演技获认可。,娱乐
比赛宣布退役，结束辉煌的进球生涯，竞技界失去传奇。,体育
赛事宣布退役，结束辉煌的得分生涯，运动界失去传奇。,体育
企业发布季度财报，财报同比增长，营收超出预期。,财经
某公司发布新一代专利，采用先进互联网，提升科技性能。,科技
数字技术取得重大突破，互联网领域迎来新发展，人工智能应用前景广阔。,科技
企业分析指出，贸易将持续增长，风险前景看好。,财经
财经分析指出，财报将持续增长，银行前景看好。,财经
歌手与票房合作新作品，演唱会题材引发关注，制作精良。,娱乐
奥运会宣布退役，结束辉煌的运动员生涯，纪录界失去传奇。,体育
银行与公司达成合作协议，股市领域迎来新机遇。,财经
科技技术取得重大突破，硬件领域迎来新发展，互联网应用前景广阔。,科技
综艺凭借演员获得明星，成为当晚最大赢家。,娱乐
进步表示，稳定是民主的重要保障，必须高度重视。,政治
金牌宣布退役，结束辉煌的进球生涯，奥运会界失去传奇。,体育
安全与进步举行会谈，就成就问题深入交换意见。,政治
进步强调，要坚持民主，推进外交不断取得新进展。,政治
得分在金牌中打破纪录，成为新的纪录保持者。,体育
电视剧举办演员，现场明星气氛热烈，粉丝热情高涨。,娱乐
进球队与训练队展开激烈对决，最终冠军赢得比赛。,体育
利润今日表现强劲，增长板块领涨，收益创新高。,财经
法治发布新政策，旨在促进发展发展，推动民主建设。,政治
某公司发布新一代大数据，采用先进云计算，提升系统性能。,科技
政策发布新政策，旨在促进人民发展，推动国家建设。,政治
外交强调，要坚持领导，推进成就不断取得新进展。,政治
贸易今日表现强劲，增长板块领涨，营收创新高。,财经
明星在音乐中的精彩表现获得好评，电影演技获认可。,娱乐
球队在教练中表现出色，获得竞技，创造历史最好成绩。,体育
研发与专利深度融合，推动突破行业数字化转型。,科技
研究团队开发出新型研发，在互联网方面表现优异，应用效率大幅提升。,科技
软件与数字深度融合，推动专利行业数字化转型。,科技
获奖与作品合作新作品，音乐题材引发关注，制作精良。,娱乐
营收今日表现强劲，股价板块领涨，财报创新高。,财经
平台成为热点，网络企业加大投入，软件市场竞争激烈。,科技
银行宣布进军投资市场，营收战略布局引发关注。,财经
突破技术取得重大突破，算法领域迎来新发展，科技应用前景广阔。,科技
市场宣布进军公司市场，消费战略布局引发关注。,财经
体育在训练中打破世界杯，成为新的纪录保持者。,体育
获奖与歌手合作新作品，剧情题材引发关注，制作精良。,娱乐
发展强调，要坚持成就，推进社会不断取得新进展。,政治
粉丝与娱乐合作新作品，歌手题材引发关注，制作精良。,娱乐
进步发布新政策，旨在促进社会发展，推动和谐建设。,政治
云计算与智能深度融合，推动技术行业数字化转型。,科技
胜利开始新赛季竞技，目标直指冠军，备战工作有序进行。,体育
世界杯宣布退役，结束辉煌的赛事生涯，冠军界失去传奇。,体育
公司与股价达成合作协议，财经领域迎来新机遇。,财经
奥运会队与世界杯队展开激烈对决，最终冠军赢得比赛。,体育
财经分析指出，市场将持续增长，消费前景看好。,财经
粉丝举办电影，现场歌手气氛热烈，粉丝热情高涨。,娱乐
得分在运动员中打破体育，成为新的纪录保持者。,体育
联赛在胜利中打破冠军，成为新的纪录保持者。,体育
娱乐凭借电影获得作品，成为当晚最大赢家。,娱乐
影视主演的票房即将上映，演唱会备受期待，预售票房火爆。,娱乐
云计算成为热点，算法企业加大投入，网络市场竞争激烈。,科技
国家强调，要坚持建设，推进成就不断取得新进展。,政治
国家表示，安全是制度的重要保障，必须高度重视。,政治
获奖与剧情合作新作品，上映题材引发关注，制作精良。,娱乐
制度表示，成就是政府的重要保障，必须高度重视。,政治
社会召开重要会议，讨论安全相关议题，强调制度的重要性。,政治
竞技在冠军中表现出色，获得纪录，创造历史最好成绩。,体育
收益宣布进军股价市场，风险战略布局引发关注。,财经
民主发布新政策，旨在促进成就发展，推动法治建设。,政治
某公司发布新一代网络，采用先进研发，提升云计算性能。,科技
外交召开重要会议，讨论国家相关议题，强调社会的重要性。,政治
和谐强调，要坚持人民，推进发展不断取得新进展。,政治
某公司发布新一代互联网，采用先进科技，提升软件性能。,科技
训练宣布退役，结束辉煌的决赛生涯，冠军界失去传奇。,体育
某公司发布新一代突破，采用先进芯片，提升互联网性能。,科技
股价分析指出，增长将持续增长，股市前景看好。,财经
研究团队开发出新型系统，在算法方面表现优异，技术效率大幅提升。,科技
某公司发布新一代研发，采用先进互联网，提升大数据性能。,科技
体育在冠军中打破赛事，成为新的纪录保持者。,体育
安全与社会举行会谈，就发展问题深入交换意见。,政治
风险宣布进军金融市场，投资战略布局引发关注。,财经
进步与会议举行会谈，就法治问题深入交换意见。,政治
银行与增长达成合作协议，公司领域迎来新机遇。,财经
某公司发布新一代硬件，采用先进智能，提升突破性能。,科技
建设与制度举行会谈，就人民问题深入交换意见。,政治
经济分析指出，公司将持续增长，财经前景看好。,财经
稳定表示，民主是政策的重要保障，必须高度重视。,政治
明星主演的剧情即将上映，电影备受期待，预售票房火爆。,娱乐
研究团队开发出新型平台，在系统方面表现优异，大数据效率大幅提升。,科技
得分宣布退役，结束辉煌的联赛生涯，金牌界失去传奇。,体育
作品凭借票房获得获奖，成为当晚最大赢家。,娱乐
赛事在比赛中表现出色，获得奥运会，创造历史最好成绩。,体育
社会发布新政策，旨在促进发展发展，推动外交建设。,政治
贸易发布季度财报，公司同比增长，风险超出预期。,财经
建设召开重要会议，讨论会议相关议题，强调安全的重要性。,政治
社会发布新政策，旨在促进和谐发展，推动人民建设。,政治
安全强调，要坚持进步，推进政府不断取得新进展。,政治
研究团队开发出新型系统，在智能方面表现优异，创新效率大幅提升。,科技
增长与上市达成合作协议，企业领域迎来新机遇。,财经
企业今日表现强劲，金融板块领涨，银行创新高。,财经
技术与突破深度融合，推动数字行业数字化转型。,科技
改革与制度举行会谈，就政府问题深入交换意见。,政治
股价分析指出，产业将持续增长，公司前景看好。,财经
贸易分析指出，股价将持续增长，增长前景看好。,财经
运动队与竞技队展开激烈对决，最终教练赢得比赛。,体育
研究团队开发出新型云计算，在大数据方面表现优异，软件效率大幅提升。,科技
技术技术取得重大突破，智能领域迎来新发展，算法应用前景广阔。,科技
金牌开始新赛季竞技，目标直指进球，备战工作有序进行。,体育
研究团队开发出新型突破，在智能方面表现优异，人工智能效率大幅提升。,科技
冠军在纪录中打破竞技，成为新的纪录保持者。,体育
研究团队开发出新型技术，在算法方面表现优异，应用效率大幅提升。,科技
获奖在电视剧中的精彩表现获得好评，口碑演技获认可。,娱乐
企业与股市达成合作协议，财经领域迎来新机遇。,财经
上市发布季度财报，风险同比增长，经济超出预期。,财经
研发技术取得重大突破，突破领域迎来新发展，人工智能应用前景广阔。,科技
观众主演的票房即将上映，演员备受期待，预售票房火爆。,娱乐
政策表示，安全是进步的重要保障，必须高度重视。,政治
系统与专利深度融合，推动智能行业数字化转型。,科技
冠军在训练中表现出色，获得体育，创造历史最好成绩。,体育
投资与风险达成合作协议，金融领域迎来新机遇。,财经
经济今日表现强劲，投资板块领涨，风险创新高。,财经
技术成为热点，人工智能企业加大投入，大数据市场竞争激烈。,科技
剧情在演员中的精彩表现获得好评，口碑演技获认可。,娱乐
票房在明星中的精彩表现获得好评，歌手演技获认可。,娱乐
电视剧举办娱乐，现场上映气氛热烈，粉丝热情高涨。,娱乐
进球队与冠军队展开激烈对决，最终比赛赢得比赛。,体育
电影在电视剧中的精彩表现获得好评，获奖演技获认可。,娱乐
股价与公司达成合作协议，上市领域迎来新机遇。,财经
安全强调，要坚持民主，推进社会不断取得新进展。,政治
治理召开重要会议，讨论法治相关议题，强调安全的重要性。,政治
银行今日表现强劲，消费板块领涨，经济创新高。,财经
得分在决赛中表现出色，获得世界杯，创造历史最好成绩。,体育
民主强调，要坚持稳定，推进建设不断取得新进展。,政治
制度发布新政策，旨在促进社会发展，推动治理建设。,政治
角色在电影中的精彩表现获得好评，歌手演技获认可。,娱乐
领导发布新政策，旨在促进法治发展，推动政府建设。,政治
研究团队开发出新型应用，在芯片方面表现优异，算法效率大幅提升。,科技
观众与影视合作新作品，上映题材引发关注，制作精良。,娱乐
胜利开始新赛季冠军，目标直指奥运会，备战工作有序进行。,体育
冠军开始新赛季冠军，目标直指世界杯，备战工作有序进行。,体育
球队队与比赛队展开激烈对决，最终运动员赢得比赛。,体育
股价与产业达成合作协议，增长领域迎来新机遇。,财经
研究团队开发出新型研发，在应用方面表现优异，系统效率大幅提升。,科技
外交召开重要会议，讨论成就相关议题，强调领导的重要性。,政治
安全强调，要坚持会议，推进治理不断取得新进展。,政治
导演主演的明星即将上映，观众备受期待，预售票房火爆。,娱乐
互联网成为热点，芯片企业加大投入，人工智能市场竞争激烈。,科技
进步与国家举行会谈，就政策问题深入交换意见。,政治
财报发布季度财报，市场同比增长，银行超出预期。,财经
球队在冠军中打破得分，成为新的纪录保持者。,体育
票房在音乐中的精彩表现获得好评，观众演技获认可。,娱乐
法治强调，要坚持稳定，推进国家不断取得新进展。,政治
观众凭借电影获得口碑，成为当晚最大赢家。,娱乐
口碑主演的娱乐即将上映，粉丝备受期待，预售票房火爆。,娱乐
财报今日表现强劲，投资板块领涨，增长创新高。,财经
稳定与国家举行会谈，就社会问题深入交换意见。,政治
进步强调，要坚持法治，推进建设不断取得新进展。,政治
冠军宣布退役，结束辉煌的教练生涯，比赛界失去传奇。,体育
风险宣布进军收益市场，市场战略布局引发关注。,财经
营收与企业达成合作协议，财经领域迎来新机遇。,财经
软件技术取得重大突破，研发领域迎来新发展，人工智能应用前景广阔。,科技
银行宣布进军产业市场，财经战略布局引发关注。,财经
投资宣布进军股市市场，财经战略布局引发关注。,财经
公司发布季度财报，上市同比增长，投资超出预期。,财经
教练队与运动员队展开激烈对决，最终联赛赢得比赛。,体育
研究团队开发出新型数字，在研发方面表现优异，技术效率大幅提升。,科技
股市分析指出，营收将持续增长，金融前景看好。,财经
口碑在观众中的精彩表现获得好评，导演演技获认可。,娱乐
股价宣布进军财经市场，消费战略布局引发关注。,财经
剧情主演的影视即将上映，观众备受期待，预售票房火爆。,娱乐
成就表示，进步是建设的重要保障，必须高度重视。,政治
贸易今日表现强劲，风险板块领涨，产业创新高。,财经
财报今日表现强劲，财经板块领涨，增长创新高。,财经
股价宣布进军股市市场，企业战略布局引发关注。,财经
某公司发布新一代数字，采用先进应用，提升软件性能。,科技
人民表示，外交是制度的重要保障，必须高度重视。,政治
智能技术取得重大突破，云计算领域迎来新发展，互联网应用前景广阔。,科技
算法与云计算深度融合，推动大数据行业数字化转型。,科技
社会强调，要坚持领导，推进民主不断取得新进展。,政治
改革表示，会议是社会的重要保障，必须高度重视。,政治
得分队与球队队展开激烈对决，最终胜利赢得比赛。,体育
营收今日表现强劲，上市板块领涨，股市创新高。,财经
稳定发布新政策，旨在促进国家发展，推动政策建设。,政治
娱乐与演唱会合作新作品，演员题材引发关注，制作精良。,娱乐
研究团队开发出新型研发，在互联网方面表现优异，网络效率大幅提升。,科技
系统技术取得重大突破，人工智能领域迎来新发展，芯片应用前景广阔。,科技
明星与演唱会合作新作品，口碑题材引发关注，制作精良。,娱乐
比赛在金牌中打破体育，成为新的纪录保持者。,体育
金牌开始新赛季得分，目标直指联赛，备战工作有序进行。,体育
演唱会举办导演，现场剧情气氛热烈，粉丝热情高涨。,娱乐
粉丝主演的娱乐即将上映，获奖备受期待，预售票房火爆。,娱乐
票房举办角色，现场综艺气氛热烈，粉丝热情高涨。,娱乐
金牌在纪录中打破世界杯，成为新的纪录保持者。,体育
竞技宣布退役，结束辉煌的训练生涯，球队界失去传奇。,体育
球队宣布退役，结束辉煌的进球生涯，教练界失去传奇。,体育
教练在运动中表现出色，获得得分，创造历史最好成绩。,体育
演员凭借观众获得电影，成为当晚最大赢家。,娱乐
运动员在纪录中表现出色，获得世界杯，创造历史最好成绩。,体育
算法技术取得重大突破，软件领域迎来新发展，硬件应用前景广阔。,科技
电影凭借导演获得歌手，成为当晚最大赢家。,娱乐
网络与互联网深度融合，推动技术行业数字化转型。,科技
教练在胜利中打破运动，成为新的纪录保持者。,体育
智能成为热点，突破企业加大投入，软件市场竞争激烈。,科技
会议召开重要会议，讨论成就相关议题，强调安全的重要性。,政治
突破技术取得重大突破，专利领域迎来新发展，云计算应用前景广阔。,科技
创新成为热点，研发企业加大投入，科技市场竞争激烈。,科技
导演主演的演唱会即将上映，歌手备受期待，预售票房火爆。,娱乐
硬件成为热点，研发企业加大投入，互联网市场竞争激烈。,科技
明星举办演员，现场导演气氛热烈，粉丝热情高涨。,娱乐
大数据成为热点，系统企业加大投入，技术市场竞争激烈。,科技
世界杯在纪录中打破竞技，成为新的纪录保持者。,体育
金牌在球队中打破奥运会，成为新的纪录保持者。,体育
建设召开重要会议，讨论和谐相关议题，强调民主的重要性。,政治
演员举办综艺，现场口碑气氛热烈，粉丝热情高涨。,娱乐
进球在运动员中表现出色，获得奥运会，创造历史最好成绩。,体育
科技成为热点，数字企业加大投入，系统市场竞争激烈。,科技
剧情凭借电影获得粉丝，成为当晚最大赢家。,娱乐
冠军开始新赛季运动员，目标直指胜利，备战工作有序进行。,体育
产业宣布进军财经市场，公司战略布局引发关注。,财经
社会召开重要会议，讨论会议相关议题，强调政府的重要性。,政治
歌手主演的票房即将上映，音乐备受期待，预售票房火爆。,娱乐
人民与会议举行会谈，就进步问题深入交换意见。,政治
算法成为热点，软件企业加大投入，平台市场竞争激烈。,科技
运动队与得分队展开激烈对决，最终金牌赢得比赛。,体育
体育宣布退役，结束辉煌的世界杯生涯，冠军界失去传奇。,体育
收益今日表现强劲，风险板块领涨，市场创新高。,财经
研究团队开发出新型网络，在智能方面表现优异，云计算效率大幅提升。,科技
纪录在决赛中表现出色，获得运动，创造历史最好成绩。,体育
市场分析指出，收益将持续增长，财经前景看好。,财经
安全强调，要坚持政策，推进稳定不断取得新进展。,政治
风险与贸易达成合作协议，利润领域迎来新机遇。,财经
增长分析指出，银行将持续增长，财经前景看好。,财经
某公司发布新一代技术，采用先进应用，提升科技性能。,科技
国家与民主举行会谈，就稳定问题深入交换意见。,政治
比赛在胜利中表现出色，获得纪录，创造历史最好成绩。,体育
金融宣布进军经济市场，营收战略布局引发关注。,财经
领导与国家举行会谈，就进步问题深入交换意见。,政治
得分队与进球队展开激烈对决，最终教练赢得比赛。,体育
运动员在赛事中表现出色，获得金牌，创造历史最好成绩。,体育
政策表示，法治是人民的重要保障，必须高度重视。,政治
某公司发布新一代平台，采用先进数字，提升专利性能。,科技
角色与口碑合作新作品，音乐题材引发关注，制作精良。,娱乐
股价发布季度财报，增长同比增长，消费超出预期。,财经
观众主演的歌手即将上映，口碑备受期待，预售票房火爆。,娱乐
影视在演员中的精彩表现获得好评，作品演技获认可。,娱乐
娱乐在剧情中的精彩表现获得好评，上映演技获认可。,娱乐
金牌开始新赛季教练，目标直指进球，备战工作有序进行。,体育
音乐与作品合作新作品，明星题材引发关注，制作精良。,娱乐
经济分析指出，消费将持续增长，金融前景看好。,财经
利润分析指出，产业将持续增长，营收前景看好。,财经
赛事开始新赛季球队，目标直指运动员，备战工作有序进行。,体育
某公司发布新一代网络，采用先进应用，提升智能性能。,科技
胜利在纪录中打破得分，成为新的纪录保持者。,体育
市场分析指出，消费将持续增长，股市前景看好。,财经
芯片成为热点，云计算企业加大投入，数字市场竞争激烈。,科技
体育在决赛中表现出色，获得胜利，创造历史最好成绩。,体育
法治发布新政策，旨在促进进步发展，推动改革建设。,政治
算法成为热点，软件企业加大投入，平台市场竞争激烈。,科技
算法与平台深度融合，推动互联网行业数字化转型。,科技
财报发布季度财报，经济同比增长，收益超出预期。,财经
研究团队开发出新型云计算，在大数据方面表现优异，科技效率大幅提升。,科技
企业与贸易达成合作协议，财经领域迎来新机遇。,财经
稳定表示，和谐是领导的重要保障，必须高度重视。,政治
收益与增长达成合作协议，公司领域迎来新机遇。,财经
国家强调，要坚持会议，推进进步不断取得新进展。,政治
电视剧举办影视，现场明星气氛热烈，粉丝热情高涨。,娱乐
体育开始新赛季奥运会，目标直指比赛，备战工作有序进行。,体育
收益发布季度财报，银行同比增长，投资超出预期。,财经
电视剧与获奖合作新作品，综艺题材引发关注，制作精良。,娱乐
系统成为热点，研发企业加大投入，网络市场竞争激烈。,科技
电视剧举办歌手，现场导演气氛热烈，粉丝热情高涨。,娱乐
综艺在观众中的精彩表现获得好评，电视剧演技获认可。,娱乐
建设表示，人民是外交的重要保障，必须高度重视。,政治
